{
  "interactionModel": {
    "languageModel": {
      "invocationName": "cake time",
      "intents": [
        {
          "name": "AMAZON.CancelIntent",
          "samples": []
        },
        {
          "name": "AMAZON.HelpIntent",
          "samples": []
        },
        {
          "name": "AMAZON.StopIntent",
          "samples": []
        },
        {
          "name": "AMAZON.NavigateHomeIntent",
          "samples": []
        },
        {
          "name": "AMAZON.FallbackIntent",
          "samples": []
        },
        {
          "name": "CaptureBirthdayIntent",
          "slots": [
            {
              "name": "month",
              "type": "AMAZON.Month"
            },
            {
              "name": "day",
              "type": "AMAZON.Ordinal"
            },
            {
              "name": "year",
              "type": "AMAZON.FOUR_DIGIT_NUMBER"
            }
          ],
          "samples": [
            "I was born on {month} {day}",
            "I was born in {month} {year}",
            "I was born on {month} {day} {year}",
            "{month} {day}",
            "{month} {year}",
            "{month} {day} {year} "
          ]
        }
      ],
      "types": []
    },
    "dialog": {
      "intents": [
        {
          "name": "CaptureBirthdayIntent",
          "confirmationRequired": false,
          "prompts": {},
          "slots": [
            {
              "name": "month",
              "type": "AMAZON.Month",
              "elicitationRequired": true,
              "confirmationRequired": false,
              "prompts": {
                "elicitation": "Elicit.Slot.700201932720.204932006133"
              }
            },
            {
              "name": "day",
              "type": "AMAZON.Ordinal",
              "elicitationRequired": true,
              "confirmationRequired": false,
              "prompts": {
                "elicitation": "Elicit.Slot.700201932720.785732171833"
              }
            },
            {
              "name": "year",
              "type": "AMAZON.FOUR_DIGIT_NUMBER",
              "elicitationRequired": true,
              "confirmationRequired": false,
              "prompts": {
                "elicitation": "Elicit.Slot.700201932720.455760386169"
              }
            }
          ]
        }
      ],
      "delegationStrategy": "ALWAYS"
    },
    "prompts": [
      {
        "id": "Elicit.Slot.700201932720.204932006133",
        "variations": [
          {
            "type": "PlainText",
            "value": "What month were you born in?"
          }
        ]
      },
      {
        "id": "Elicit.Slot.700201932720.785732171833",
        "variations": [
          {
            "type": "PlainText",
            "value": "What day were you born on?"
          }
        ]
      },
      {
        "id": "Elicit.Slot.700201932720.455760386169",
        "variations": [
          {
            "type": "PlainText",
            "value": "What year were you born on?"
          }
        ]
      }
    ]
  },
  "version": "6"
}