{
    "type": "APL",
    "version": "1.1",
    "settings": {},
    "theme": "dark",
    "import": [
        {
            "name": "alexa-layouts",
            "version": "1.1.0"
        }
    ],
    "resources": [],
    "styles": {
        "bigText": {
            "values": [
                {
                    "fontSize": "72dp",
                    "textAlign": "center"
                }
            ]
        }
    },
    "onMount": [],
    "graphics": {},
    "commands": {},
    "layouts": {},
    "mainTemplate": {
        "parameters": [
            "text",
            "assets"
        ],
        "items": [
            {
                "type": "Container",
                "when": "${@viewportProfile != @hubRoundSmall}",
                "items": [
                    {
                        "type": "Text",
                        "style": "bigText",
                        "paddingTop": "12dp",
                        "paddingBottom": "12dp",
                        "text": "${text.start}"
                    },
                    {
                        "type": "Text",
                        "style": "bigText",
                        "paddingTop": "12dp",
                        "paddingBottom": "12dp",
                        "text": "${text.middle}"
                    },
                    {
                        "type": "Text",
                        "style": "bigText",
                        "paddingTop": "12dp",
                        "paddingBottom": "12dp",
                        "text": "${text.end}"
                    },
                    {
                        "type": "AlexaImage",
                        "alignSelf": "center",
                        "imageSource": "${assets.cake}",
                        "imageRoundedCorner": false,
                        "imageScale": "best-fill",
                        "imageHeight": "40vh",
                        "imageAspectRatio": "square",
                        "imageBlurredBackground": false
                    }
                ],
                "height": "100%",
                "width": "100%"
            },
            {
                "type": "Container",
                "when": "${@viewportProfile == @hubRoundSmall}",
                "items": [
                    {
                        "type": "Text",
                        "style": "bigText",
                        "paddingTop": "75dp",
                        "text": "${text.start}"
                    },
                    {
                        "type": "Text",
                        "style": "bigText",
                        "text": "${text.middle}"
                    },
                    {
                        "type": "Text",
                        "style": "bigText",
                        "text": "${text.end}"
                    }
                ],
                "height": "100%",
                "width": "100%"
            }
        ]
    }
}